name,email,year,month,day
Keshav,keshavkumarshrivastav8116@gmail.com,2026,6,19
Aarav,keshavkumarshrivastav8116@gmail.com,2001,6,19
Aditya,keshavkumarshrivastav8116@gmail.com,1999,6,19
Rohan,keshavkumarshrivastav8116@gmail.com,2002,1,19
Sneha,keshavkumarshrivastav8116@gmail.com,2003,3,19
Priya,keshavkumarshrivastav8116@gmail.com,2000,12,19
Vikram,keshavkumarshrivastav8116@gmail.com,1995,6,5
Ananya,keshavkumarshrivastav8116@gmail.com,2004,6,12
Ishaan,keshavkumarshrivastav8116@gmail.com,1998,8,12
Arjun,keshavkumarshrivastav8116@gmail.com,1997,8,25
Diya,keshavkumarshrivastav8116@gmail.com,2005,11,5
Rahul,keshavkumarshrivastav8116@gmail.com,1996,11,5
